Redirect from,Redirect to
/products/portrait-cartoon-personnalise-les-simpson,/products/portrait-simpson-personnalise
/products/portrait-cartoon-personnalise-rick-morty,/products/portrait-rick-et-morty-personnalise
/products/portrait-cartoon-personnalise-tim-burton,/products/portrait-tim-burton-personnalise
/products/portrait-cartoon-personnalise-family-guys,/products/portrait-american-dad-personnalise
/products/portrait-manga-personnalise-harry-potter,/products/portrait-harry-potter-personnalise
/products/portrait-personnalise-pokemon,/products/carte-pokemon-personnalisee
/products/portrait-personnalise-gta,/products/portrait-gta-personnalise
/collections/portrait-personnalise-cartoon/products/portrait-cartoon-personnalise-les-simpson,/products/portrait-simpson-personnalise
/collections/portrait-personnalise-cartoon/products/portrait-cartoon-personnalise-rick-morty,/products/portrait-rick-et-morty-personnalise
/collections/portrait-personnalise-cartoon/products/portrait-cartoon-personnalise-tim-burton,/products/portrait-tim-burton-personnalise
/collections/portrait-personnalise-cartoon/products/portrait-cartoon-personnalise-family-guys,/products/portrait-american-dad-personnalise
/collections/portrait-pop-culture-personnalise/products/portrait-manga-personnalise-harry-potter,/products/portrait-harry-potter-personnalise
/collections/portrait-pop-culture-personnalise/products/portrait-personnalise-pokemon,/products/carte-pokemon-personnalisee
